[
  { "code": "ATL", "city": "Atlanta, USA", "lat": 33.6407, "lon": -84.4277 },
  { "code": "PEK", "city": "Beijing, China", "lat": 40.0801, "lon": 116.5846 },
  { "code": "LAX", "city": "Los Angeles, USA", "lat": 33.9416, "lon": -118.4085 },
  { "code": "DXB", "city": "Dubai, UAE", "lat": 25.2532, "lon": 55.3657 },
  { "code": "HND", "city": "Tokyo Haneda, Japan", "lat": 35.5494, "lon": 139.7798 },
  { "code": "ORD", "city": "Chicago O'Hare, USA", "lat": 41.9742, "lon": -87.9073 },
  { "code": "LHR", "city": "London Heathrow, UK", "lat": 51.4700, "lon": -0.4543 },
  { "code": "PVG", "city": "Shanghai Pudong, China", "lat": 31.1434, "lon": 121.8052 },
  { "code": "CDG", "city": "Paris Charles de Gaulle, France", "lat": 49.0097, "lon": 2.5479 },
  { "code": "DFW", "city": "Dallas–Fort Worth, USA", "lat": 32.8998, "lon": -97.0403 },
  { "code": "AMS", "city": "Amsterdam Schiphol, Netherlands", "lat": 52.3105, "lon": 4.7683 },
  { "code": "FRA", "city": "Frankfurt, Germany", "lat": 50.0379, "lon": 8.5622 },
  { "code": "IST", "city": "Istanbul, Turkey", "lat": 41.2753, "lon": 28.7519 },
  { "code": "CAN", "city": "Guangzhou Baiyun, China", "lat": 23.3924, "lon": 113.2990 },
  { "code": "JFK", "city": "New York JFK, USA", "lat": 40.6413, "lon": -73.7781 },
  { "code": "SIN", "city": "Singapore Changi, Singapore", "lat": 1.3644, "lon": 103.9915 },
  { "code": "ICN", "city": "Seoul Incheon, South Korea", "lat": 37.4602, "lon": 126.4407 },
  { "code": "DEN", "city": "Denver, USA", "lat": 39.8561, "lon": -104.6737 },
  { "code": "BKK", "city": "Bangkok Suvarnabhumi, Thailand", "lat": 13.6900, "lon": 100.7501 },
  { "code": "DEL", "city": "Delhi Indira Gandhi, India", "lat": 28.5562, "lon": 77.1000 },
  { "code": "CGK", "city": "Jakarta Soekarno–Hatta, Indonesia", "lat": -6.1256, "lon": 106.6559 },
  { "code": "SFO", "city": "San Francisco, USA", "lat": 37.6213, "lon": -122.3790 },
  { "code": "KUL", "city": "Kuala Lumpur, Malaysia", "lat": 2.7456, "lon": 101.7090 },
  { "code": "MAD", "city": "Madrid Barajas, Spain", "lat": 40.4983, "lon": -3.5676 },
  { "code": "BCN", "city": "Barcelona El Prat, Spain", "lat": 41.2974, "lon": 2.0833 },
  { "code": "YYZ", "city": "Toronto Pearson, Canada", "lat": 43.6777, "lon": -79.6248 },
  { "code": "SYD", "city": "Sydney, Australia", "lat": -33.9399, "lon": 151.1753 },
  { "code": "MUC", "city": "Munich, Germany", "lat": 48.3538, "lon": 11.7861 },
  { "code": "MIA", "city": "Miami, USA", "lat": 25.7959, "lon": -80.2871 },
  { "code": "JNB", "city": "Johannesburg OR Tambo, South Africa", "lat": -26.1337, "lon": 28.2420 },
  { "code": "GRU", "city": "São Paulo Guarulhos, Brazil", "lat": -23.4356, "lon": -46.4731 },
  { "code": "EZE", "city": "Buenos Aires Ezeiza, Argentina", "lat": -34.8222, "lon": -58.5358 },
  { "code": "SCL", "city": "Santiago, Chile", "lat": -33.3929, "lon": -70.7858 },
  { "code": "LIM", "city": "Lima, Peru", "lat": -12.0219, "lon": -77.1143 },
  { "code": "MEX", "city": "Mexico City, Mexico", "lat": 19.4361, "lon": -99.0719 },
  { "code": "DUB", "city": "Dublin, Ireland", "lat": 53.4273, "lon": -6.2436 },
  { "code": "ZRH", "city": "Zurich, Switzerland", "lat": 47.4581, "lon": 8.5555 },
  { "code": "GVA", "city": "Geneva, Switzerland", "lat": 46.2381, "lon": 6.1089 },
  { "code": "BRU", "city": "Brussels, Belgium", "lat": 50.9010, "lon": 4.4844 },
  { "code": "VIE", "city": "Vienna, Austria", "lat": 48.1103, "lon": 16.5697 },
  { "code": "SAL", "city": "Salzburg, Austria", "lat": 47.7933, "lon": 13.0043 },
  { "code": "INN", "city": "Innsbruck, Austria", "lat": 47.2602, "lon": 11.3430 },
  { "code": "KLU", "city": "Klagenfurt, Austria", "lat": 46.6425, "lon": 14.3377 },
  { "code": "BTS", "city": "Bratislava, Slovakia", "lat": 48.1702, "lon": 17.2127 },
  { "code": "PRG", "city": "Prague, Czechia", "lat": 50.1008, "lon": 14.26 },
  { "code": "WAW", "city": "Warsaw Chopin, Poland", "lat": 52.1657, "lon": 20.9671 },
  { "code": "KRK", "city": "Krakow, Poland", "lat": 50.0777, "lon": 19.7848 },
  { "code": "CPH", "city": "Copenhagen, Denmark", "lat": 55.6180, "lon": 12.6560 },
  { "code": "OSL", "city": "Oslo Gardermoen, Norway", "lat": 60.1976, "lon": 11.1004 },
  { "code": "ARN", "city": "Stockholm Arlanda, Sweden", "lat": 59.6498, "lon": 17.9238 },
  { "code": "HEL", "city": "Helsinki, Finland", "lat": 60.3172, "lon": 24.9633 },
  { "code": "RKV", "city": "Reykjavik, Iceland", "lat": 64.13, "lon": -21.9406 },
  { "code": "KEF", "city": "Keflavik, Iceland", "lat": 63.9850, "lon": -22.6056 },
  { "code": "EDI", "city": "Edinburgh, UK", "lat": 55.95, "lon": -3.3725 },
  { "code": "GLA", "city": "Glasgow, UK", "lat": 55.8719, "lon": -4.4331 },
  { "code": "MAN", "city": "Manchester, UK", "lat": 53.365, "lon": -2.271 },
  { "code": "BHX", "city": "Birmingham, UK", "lat": 52.4539, "lon": -1.748 },
  { "code": "NCL", "city": "Newcastle, UK", "lat": 55.0375, "lon": -1.6917 },
  { "code": "BRS", "city": "Bristol, UK", "lat": 51.3827, "lon": -2.7191 },
  { "code": "LPL", "city": "Liverpool, UK", "lat": 53.3336, "lon": -2.8497 },
  { "code": "SNN", "city": "Shannon, Ireland", "lat": 52.7019, "lon": -8.9248 },
  { "code": "FCO", "city": "Rome Fiumicino, Italy", "lat": 41.8003, "lon": 12.2389 },
  { "code": "CIA", "city": "Rome Ciampino, Italy", "lat": 41.7999, "lon": 12.5949 },
  { "code": "MXP", "city": "Milan Malpensa, Italy", "lat": 45.6301, "lon": 8.7231 },
  { "code": "LIN", "city": "Milan Linate, Italy", "lat": 45.4609, "lon": 9.2743 },
  { "code": "VCE", "city": "Venice Marco Polo, Italy", "lat": 45.5053, "lon": 12.3519 },
  { "code": "VRN", "city": "Verona, Italy", "lat": 45.402, "lon": 10.9073 },
  { "code": "NAP", "city": "Naples, Italy", "lat": 40.886, "lon": 14.2906 },
  { "code": "FLR", "city": "Florence, Italy", "lat": 43.8086, "lon": 11.2007 },
  { "code": "PSA", "city": "Pisa, Italy", "lat": 43.6839, "lon": 10.3927 },
  { "code": "BLQ", "city": "Bologna, Italy", "lat": 44.5294, "lon": 11.2887 },
  { "code": "PMO", "city": "Palermo, Italy", "lat": 38.1759, "lon": 13.091 },
  { "code": "CAG", "city": "Cagliari, Italy", "lat": 39.2515, "lon": 9.0543 },
  { "code": "ATH", "city": "Athens, Greece", "lat": 37.9364, "lon": 23.9445 },
  { "code": "SKG", "city": "Thessaloniki, Greece", "lat": 40.5208, "lon": 22.9722 },
  { "code": "HER", "city": "Heraklion, Greece", "lat": 35.3397, "lon": 25.1803 },
  { "code": "JTR", "city": "Santorini, Greece", "lat": 36.3992, "lon": 25.4793 },
  { "code": "JMK", "city": "Mykonos, Greece", "lat": 37.4351, "lon": 25.3481 },
  { "code": "CFU", "city": "Corfu, Greece", "lat": 39.6019, "lon": 19.9117 },
  { "code": "RHO", "city": "Rhodes, Greece", "lat": 36.4054, "lon": 28.0862 },
  { "code": "LIS", "city": "Lisbon, Portugal", "lat": 38.7742, "lon": -9.1342 },
  { "code": "OPO", "city": "Porto, Portugal", "lat": 41.2481, "lon": -8.6814 },
  { "code": "FAO", "city": "Faro, Portugal", "lat": 37.0144, "lon": -7.9659 },
  { "code": "ZAG", "city": "Zagreb, Croatia", "lat": 45.742, "lon": 16.0688 },
  { "code": "DBV", "city": "Dubrovnik, Croatia", "lat": 42.5614, "lon": 18.2682 },
  { "code": "SPU", "city": "Split, Croatia", "lat": 43.5389, "lon": 16.2979 },
  { "code": "RJK", "city": "Rijeka, Croatia", "lat": 45.2169, "lon": 14.5703 },
  { "code": "TIA", "city": "Tirana, Albania", "lat": 41.4147, "lon": 19.7206 },
  { "code": "SKP", "city": "Skopje, North Macedonia", "lat": 41.9616, "lon": 21.6214 },
  { "code": "PRN", "city": "Pristina, Kosovo", "lat": 42.5728, "lon": 21.0358 },
  { "code": "OTP", "city": "Bucharest Otopeni, Romania", "lat": 44.5711, "lon": 26.0850 },
  { "code": "CLJ", "city": "Cluj-Napoca, Romania", "lat": 46.7852, "lon": 23.6862 },
  { "code": "IAS", "city": "Iasi, Romania", "lat": 47.1799, "lon": 27.6206 },
  { "code": "SOF", "city": "Sofia, Bulgaria", "lat": 42.6967, "lon": 23.4114 },
  { "code": "VAR", "city": "Varna, Bulgaria", "lat": 43.2321, "lon": 27.8251 },
  { "code": "BOJ", "city": "Burgas, Bulgaria", "lat": 42.5696, "lon": 27.5152 },
  { "code": "CPH", "city": "Copenhagen, Denmark", "lat": 55.6181, "lon": 12.656 },
  { "code": "BLL", "city": "Billund, Denmark", "lat": 55.7403, "lon": 9.152 },
  { "code": "AAL", "city": "Aalborg, Denmark", "lat": 57.0928, "lon": 9.8492 },
  { "code": "GOT", "city": "Gothenburg, Sweden", "lat": 57.6628, "lon": 12.2798 },
  { "code": "MMX", "city": "Malmö, Sweden", "lat": 55.5363, "lon": 13.3762 },
  { "code": "LLA", "city": "Luleå, Sweden", "lat": 65.543, "lon": 22.123 },
  { "code": "TRD", "city": "Trondheim, Norway", "lat": 63.4578, "lon": 10.924 },
  { "code": "SVG", "city": "Stavanger, Norway", "lat": 58.8768, "lon": 5.6379 },
  { "code": "TOS", "city": "Tromsø, Norway", "lat": 69.6833, "lon": 18.9189 },
  { "code": "VNO", "city": "Vilnius, Lithuania", "lat": 54.6341, "lon": 25.2858 },
  { "code": "RIX", "city": "Riga, Latvia", "lat": 56.9236, "lon": 23.971 },
  { "code": "TLL", "city": "Tallinn, Estonia", "lat": 59.4133, "lon": 24.8328 },
  { "code": "LED", "city": "St. Petersburg, Russia", "lat": 59.8003, "lon": 30.2625 },
  { "code": "SVO", "city": "Moscow Sheremetyevo, Russia", "lat": 55.9726, "lon": 37.4146 },
  { "code": "DME", "city": "Moscow Domodedovo, Russia", "lat": 55.4088, "lon": 37.9063 },
  { "code": "IST", "city": "Istanbul, Türkiye", "lat": 41.2753, "lon": 28.7519 },
  { "code": "SAW", "city": "Istanbul Sabiha Gökçen, Türkiye", "lat": 40.8986, "lon": 29.3092 },
  { "code": "ESB", "city": "Ankara, Türkiye", "lat": 40.1281, "lon": 32.9951 },
  { "code": "ADB", "city": "Izmir, Türkiye", "lat": 38.2924, "lon": 27.1569 },
  { "code": "AYT", "city": "Antalya, Türkiye", "lat": 36.8987, "lon": 30.8005 },
  { "code": "GZT", "city": "Gaziantep, Türkiye", "lat": 36.9472, "lon": 37.4787 },
  { "code": "TZX", "city": "Trabzon, Türkiye", "lat": 40.9951, "lon": 39.7897 },
  { "code": "DXB", "city": "Dubai, UAE", "lat": 25.2532, "lon": 55.3657 },
  { "code": "DWC", "city": "Dubai World Central, UAE", "lat": 24.8964, "lon": 55.1614 },
  { "code": "AUH", "city": "Abu Dhabi, UAE", "lat": 24.4329, "lon": 54.6511 },
  { "code": "SHJ", "city": "Sharjah, UAE", "lat": 25.3286, "lon": 55.5172 },
  { "code": "DOH", "city": "Doha, Qatar", "lat": 25.2731, "lon": 51.6081 },
  { "code": "RUH", "city": "Riyadh, Saudi Arabia", "lat": 24.9576, "lon": 46.6988 },
  { "code": "JED", "city": "Jeddah, Saudi Arabia", "lat": 21.6702, "lon": 39.1528 },
  { "code": "DMM", "city": "Dammam, Saudi Arabia", "lat": 26.4711, "lon": 49.7979 },
  { "code": "MED", "city": "Medina, Saudi Arabia", "lat": 24.5534, "lon": 39.7051 },
  { "code": "CAI", "city": "Cairo, Egypt", "lat": 30.1121, "lon": 31.4004 },
  { "code": "HRG", "city": "Hurghada, Egypt", "lat": 27.1809, "lon": 33.7956 },
  { "code": "SSH", "city": "Sharm El-Sheikh, Egypt", "lat": 27.9773, "lon": 34.3949 },
  { "code": "LXR", "city": "Luxor, Egypt", "lat": 25.6708, "lon": 32.7066 },
  { "code": "ASW", "city": "Aswan, Egypt", "lat": 23.9644, "lon": 32.8199 },
  { "code": "CMN", "city": "Casablanca, Morocco", "lat": 33.3675, "lon": -7.5898 },
  { "code": "RAK", "city": "Marrakech, Morocco", "lat": 31.6069, "lon": -8.0363 },
  { "code": "AGA", "city": "Agadir, Morocco", "lat": 30.325, "lon": -9.4131 },
  { "code": "TNG", "city": "Tangier, Morocco", "lat": 35.7269, "lon": -5.9169 },
  { "code": "FEZ", "city": "Fes, Morocco", "lat": 33.9273, "lon": -4.9779 },
  { "code": "LOS", "city": "Lagos, Nigeria", "lat": 6.5774, "lon": 3.3212 },
  { "code": "ABV", "city": "Abuja, Nigeria", "lat": 9.0068, "lon": 7.2632 },
  { "code": "ACC", "city": "Accra, Ghana", "lat": 5.6052, "lon": -0.1668 },
  { "code": "NBO", "city": "Nairobi, Kenya", "lat": -1.3192, "lon": 36.9278 },
  { "code": "MBA", "city": "Mombasa, Kenya", "lat": -4.0348, "lon": 39.5942 },
  { "code": "ADD", "city": "Addis Ababa, Ethiopia", "lat": 8.9779, "lon": 38.7993 },
  { "code": "JNB", "city": "Johannesburg, South Africa", "lat": -26.1327, "lon": 28.2314 },
  { "code": "CPT", "city": "Cape Town, South Africa", "lat": -33.9696, "lon": 18.5972 },
  { "code": "DUR", "city": "Durban, South Africa", "lat": -29.6144, "lon": 31.1164 },
  { "code": "PLZ", "city": "Port Elizabeth, South Africa", "lat": -33.9849, "lon": 25.6104 },
  { "code": "MRU", "city": "Mauritius", "lat": -20.4302, "lon": 57.6766 },
  { "code": "SEZ", "city": "Seychelles", "lat": -4.6743, "lon": 55.5218 },
  { "code": "DEL", "city": "Delhi, India", "lat": 28.5665, "lon": 77.1031 },
  { "code": "BOM", "city": "Mumbai, India", "lat": 19.0887, "lon": 72.8679 },
  { "code": "BLR", "city": "Bangalore, India", "lat": 13.1986, "lon": 77.7066 },
  { "code": "MAA", "city": "Chennai, India", "lat": 12.9941, "lon": 80.1709 },
  { "code": "HYD", "city": "Hyderabad, India", "lat": 17.24, "lon": 78.4294 },
  { "code": "CCU", "city": "Kolkata, India", "lat": 22.6547, "lon": 88.4467 },
  { "code": "GOI", "city": "Goa, India", "lat": 15.3808, "lon": 73.8314 },
  { "code": "PNQ", "city": "Pune, India", "lat": 18.5821, "lon": 73.9197 },
  { "code": "AMD", "city": "Ahmedabad, India", "lat": 23.0772, "lon": 72.6347 },
  { "code": "COK", "city": "Kochi, India", "lat": 10.152, "lon": 76.4019 },
  { "code": "TRV", "city": "Trivandrum, India", "lat": 8.4821, "lon": 76.9197 },
  { "code": "IXC", "city": "Chandigarh, India", "lat": 30.6735, "lon": 76.7885 },
  { "code": "JAI", "city": "Jaipur, India", "lat": 26.8242, "lon": 75.8122 },
  { "code": "VNS", "city": "Varanasi, India", "lat": 25.4492, "lon": 82.8593 },
  { "code": "LKO", "city": "Lucknow, India", "lat": 26.7606, "lon": 80.8893 },
  { "code": "BBI", "city": "Bhubaneswar, India", "lat": 20.243, "lon": 85.8173 },
  { "code": "GAU", "city": "Guwahati, India", "lat": 26.1061, "lon": 91.5859 },
  { "code": "DAC", "city": "Dhaka, Bangladesh", "lat": 23.8433, "lon": 90.3978 },
  { "code": "CGP", "city": "Chittagong, Bangladesh", "lat": 22.2496, "lon": 91.8133 },
  { "code": "KTM", "city": "Kathmandu, Nepal", "lat": 27.6966, "lon": 85.3591 },
  { "code": "CMB", "city": "Colombo, Sri Lanka", "lat": 7.1808, "lon": 79.8841 },
  { "code": "HRI", "city": "Hambantota, Sri Lanka", "lat": 6.2845, "lon": 81.1241 },
  { "code": "BKK", "city": "Bangkok Suvarnabhumi, Thailand", "lat": 13.690, "lon": 100.75 },
  { "code": "DMK", "city": "Bangkok Don Mueang, Thailand", "lat": 13.9126, "lon": 100.606 },
  { "code": "CNX", "city": "Chiang Mai, Thailand", "lat": 18.7668, "lon": 98.9626 },
  { "code": "HKT", "city": "Phuket, Thailand", "lat": 8.1132, "lon": 98.3169 },
  { "code": "USM", "city": "Koh Samui, Thailand", "lat": 9.5478, "lon": 100.062 },
  { "code": "KBV", "city": "Krabi, Thailand", "lat": 8.0991, "lon": 98.9862 },
  { "code": "SIN", "city": "Singapore Changi, Singapore", "lat": 1.3644, "lon": 103.9915 },
  { "code": "XSP", "city": "Singapore Seletar, Singapore", "lat": 1.4169, "lon": 103.8677 },
  { "code": "KUL", "city": "Kuala Lumpur, Malaysia", "lat": 2.7456, "lon": 101.7072 },
  { "code": "SZB", "city": "Subang, Malaysia", "lat": 3.1306, "lon": 101.5494 },
  { "code": "PEN", "city": "Penang, Malaysia", "lat": 5.2971, "lon": 100.276 },
  { "code": "BKI", "city": "Kota Kinabalu, Malaysia", "lat": 5.9372, "lon": 116.0512 },
  { "code": "JHB", "city": "Johor Bahru, Malaysia", "lat": 1.6413, "lon": 103.6696 },
  { "code": "CGK", "city": "Jakarta, Indonesia", "lat": -6.1256, "lon": 106.6558 },
  { "code": "HLP", "city": "Jakarta Halim, Indonesia", "lat": -6.2666, "lon": 106.891 },
  { "code": "DPS", "city": "Bali Denpasar, Indonesia", "lat": -8.7482, "lon": 115.167 },
  { "code": "SUB", "city": "Surabaya, Indonesia", "lat": -7.3798, "lon": 112.787 },
  { "code": "UPG", "city": "Makassar, Indonesia", "lat": -5.0616, "lon": 119.554 },
  { "code": "YIA", "city": "Yogyakarta, Indonesia", "lat": -7.9053, "lon": 110.053 },
  { "code": "LOP", "city": "Lombok, Indonesia", "lat": -8.7573, "lon": 116.276 },
  { "code": "MNL", "city": "Manila, Philippines", "lat": 14.5086, "lon": 121.0198 },
  { "code": "CEB", "city": "Cebu, Philippines", "lat": 10.3075, "lon": 123.9794 },
  { "code": "DVO", "city": "Davao, Philippines", "lat": 7.1255, "lon": 125.646 },
  { "code": "ILO", "city": "Iloilo, Philippines", "lat": 10.7146, "lon": 122.5453 },
  { "code": "HKG", "city": "Hong Kong", "lat": 22.308, "lon": 113.9185 },
  { "code": "TPE", "city": "Taipei Taoyuan, Taiwan", "lat": 25.0777, "lon": 121.2328 },
  { "code": "TSA", "city": "Taipei Songshan, Taiwan", "lat": 25.0694, "lon": 121.5521 },
  { "code": "ICN", "city": "Seoul Incheon, South Korea", "lat": 37.4602, "lon": 126.4407 },
  { "code": "GMP", "city": "Seoul Gimpo, South Korea", "lat": 37.5583, "lon": 126.7906 },
  { "code": "PUS", "city": "Busan, South Korea", "lat": 35.1796, "lon": 128.9382 },
  { "code": "CJU", "city": "Jeju, South Korea", "lat": 33.5104, "lon": 126.492 },
  { "code": "PEK", "city": "Beijing Capital, China", "lat": 40.0801, "lon": 116.5846 },
  { "code": "PKX", "city": "Beijing Daxing, China", "lat": 39.5099, "lon": 116.4108 },
  { "code": "PVG", "city": "Shanghai Pudong, China", "lat": 31.1443, "lon": 121.8083 },
  { "code": "SHA", "city": "Shanghai Hongqiao, China", "lat": 31.1979, "lon": 121.3363 },
  { "code": "CAN", "city": "Guangzhou, China", "lat": 23.3924, "lon": 113.2988 },
  { "code": "SZX", "city": "Shenzhen, China", "lat": 22.6393, "lon": 113.811 },
  { "code": "CTU", "city": "Chengdu, China", "lat": 30.5609, "lon": 103.947 },
  { "code": "XIY", "city": "Xi’an, China", "lat": 34.4471, "lon": 108.7516 },
  { "code": "SYD", "city": "Sydney, Australia", "lat": -33.9399, "lon": 151.1753 },
  { "code": "MEL", "city": "Melbourne, Australia", "lat": -37.6733, "lon": 144.843 },
  { "code": "BNE", "city": "Brisbane, Australia", "lat": -27.3842, "lon": 153.1175 },
  { "code": "PER", "city": "Perth, Australia", "lat": -31.9403, "lon": 115.967 },
  { "code": "ADL", "city": "Adelaide, Australia", "lat": -34.945, "lon": 138.531 },
  { "code": "CBR", "city": "Canberra, Australia", "lat": -35.3069, "lon": 149.195 },
  { "code": "HBA", "city": "Hobart, Australia", "lat": -42.8361, "lon": 147.5104 },
  { "code": "DRW", "city": "Darwin, Australia", "lat": -12.4141, "lon": 130.876 },
  { "code": "OOL", "city": "Gold Coast, Australia", "lat": -28.1644, "lon": 153.5046 },
  { "code": "AKL", "city": "Auckland, New Zealand", "lat": -37.0082, "lon": 174.785 },
  { "code": "WLG", "city": "Wellington, New Zealand", "lat": -41.3272, "lon": 174.805 },
  { "code": "CHC", "city": "Christchurch, New Zealand", "lat": -43.4893, "lon": 172.532 },
  { "code": "ZQN", "city": "Queenstown, New Zealand", "lat": -45.0211, "lon": 168.7399 },
  { "code": "LIM", "city": "Lima, Peru", "lat": -12.0219, "lon": -77.1143 },
  { "code": "CUZ", "city": "Cusco, Peru", "lat": -13.5357, "lon": -71.9388 },
  { "code": "BOG", "city": "Bogotá, Colombia", "lat": 4.7016, "lon": -74.1469 },
  { "code": "MDE", "city": "Medellín, Colombia", "lat": 6.1645, "lon": -75.4231 },
  { "code": "CTG", "city": "Cartagena, Colombia", "lat": 10.4424, "lon": -75.5139 },
  { "code": "SCL", "city": "Santiago, Chile", "lat": -33.3929, "lon": -70.7858 },
  { "code": "EZE", "city": "Buenos Aires Ezeiza, Argentina", "lat": -34.8222, "lon": -58.5358 },
  { "code": "AEP", "city": "Buenos Aires Aeroparque, Argentina", "lat": -34.5592, "lon": -58.4156 },
  { "code": "GRU", "city": "São Paulo GRU, Brazil", "lat": -23.4356, "lon": -46.4731 },
  { "code": "CGH", "city": "São Paulo CGH, Brazil", "lat": -23.6278, "lon": -46.6554 },
  { "code": "GIG", "city": "Rio de Janeiro GIG, Brazil", "lat": -22.809, "lon": -43.2506 },
  { "code": "SDU", "city": "Rio de Janeiro SDU, Brazil", "lat": -22.9105, "lon": -43.1631 },
  { "code": "MEX", "city": "Mexico City, Mexico", "lat": 19.4361, "lon": -99.0719 },
  { "code": "CUN", "city": "Cancún, Mexico", "lat": 21.0365, "lon": -86.8771 },
  { "code": "GDL", "city": "Guadalajara, Mexico", "lat": 20.5218, "lon": -103.311 },
  { "code": "MTY", "city": "Monterrey, Mexico", "lat": 25.7785, "lon": -100.107 },
  { "code": "YVR", "city": "Vancouver, Canada", "lat": 49.1947, "lon": -123.179 },
  { "code": "YYZ", "city": "Toronto Pearson, Canada", "lat": 43.6777, "lon": -79.6248 },
  { "code": "YUL", "city": "Montreal, Canada", "lat": 45.4576, "lon": -73.7499 },
  { "code": "YYC", "city": "Calgary, Canada", "lat": 51.1139, "lon": -114.0203 },
  { "code": "YEG", "city": "Edmonton, Canada", "lat": 53.3097, "lon": -113.5807 },
  { "code": "YWG", "city": "Winnipeg, Canada", "lat": 49.91, "lon": -97.2399 },
  { "code": "JFK", "city": "New York JFK, USA", "lat": 40.6413, "lon": -73.7781 },
  { "code": "EWR", "city": "Newark, USA", "lat": 40.6895, "lon": -74.1745 },
  { "code": "LGA", "city": "LaGuardia, USA", "lat": 40.7769, "lon": -73.874 },
  { "code": "BOS", "city": "Boston Logan, USA", "lat": 42.3656, "lon": -71.0096 },
  { "code": "PHL", "city": "Philadelphia, USA", "lat": 39.8729, "lon": -75.2437 },
  { "code": "IAD", "city": "Washington Dulles, USA", "lat": 38.9531, "lon": -77.4565 },
  { "code": "DCA", "city": "Washington Reagan, USA", "lat": 38.8521, "lon": -77.0377 },
  { "code": "MIA", "city": "Miami, USA", "lat": 25.7959, "lon": -80.2871 },
  { "code": "FLL", "city": "Fort Lauderdale, USA", "lat": 26.0726, "lon": -80.1527 },
  { "code": "TPA", "city": "Tampa, USA", "lat": 27.9755, "lon": -82.5332 },
  { "code": "MCO", "city": "Orlando, USA", "lat": 28.4312, "lon": -81.3081 },
  { "code": "ATL", "city": "Atlanta, USA", "lat": 33.6407, "lon": -84.4277 },
  { "code": "CLT", "city": "Charlotte, USA", "lat": 35.2144, "lon": -80.9473 },
  { "code": "BNA", "city": "Nashville, USA", "lat": 36.1263, "lon": -86.6774 },
  { "code": "ORD", "city": "Chicago O’Hare, USA", "lat": 41.9742, "lon": -87.9073 },
  { "code": "MDW", "city": "Chicago Midway, USA", "lat": 41.7868, "lon": -87.7522 },
  { "code": "DTW", "city": "Detroit, USA", "lat": 42.2162, "lon": -83.3554 },
  { "code": "CLE", "city": "Cleveland, USA", "lat": 41.4117, "lon": -81.8498 },
  { "code": "DFW", "city": "Dallas/Fort Worth, USA", "lat": 32.8998, "lon": -97.0403 },
  { "code": "IAH", "city": "Houston Intercontinental, USA", "lat": 29.9902, "lon": -95.3368 },
  { "code": "HOU", "city": "Houston Hobby, USA", "lat": 29.6454, "lon": -95.2789 },
  { "code": "DEN", "city": "Denver, USA", "lat": 39.8561, "lon": -104.6737 },
  { "code": "SLC", "city": "Salt Lake City, USA", "lat": 40.7899, "lon": -111.9791 },
  { "code": "PHX", "city": "Phoenix, USA", "lat": 33.4343, "lon": -112.0116 },
  { "code": "LAS", "city": "Las Vegas, USA", "lat": 36.0801, "lon": -115.1523 },
  { "code": "LAX", "city": "Los Angeles, USA", "lat": 33.9416, "lon": -118.4085 },
  { "code": "SAN", "city": "San Diego, USA", "lat": 32.7338, "lon": -117.1933 },
  { "code": "SFO", "city": "San Francisco, USA", "lat": 37.6213, "lon": -122.379 },
  { "code": "OAK", "city": "Oakland, USA", "lat": 37.7126, "lon": -122.2197 },
  { "code": "SJC", "city": "San Jose, USA", "lat": 37.3639, "lon": -121.9289 }
]
