{
  "rome": { "country": "Italy", "lat": 41.9028, "lng": 12.4964 },
  "venice": { "country": "Italy", "lat": 45.4408, "lng": 12.3155 },
  "florence": { "country": "Italy", "lat": 43.7696, "lng": 11.2558 },
  "milan": { "country": "Italy", "lat": 45.4642, "lng": 9.1900 },
  "naples": { "country": "Italy", "lat": 40.8518, "lng": 14.2681 },
  "amsterdam": { "country": "Netherlands", "lat": 52.3676, "lng": 4.9041 },
  "paris": { "country": "France", "lat": 48.8566, "lng": 2.3522 },
  "nice": { "country": "France", "lat": 43.7102, "lng": 7.2620 },
  "london": { "country": "United Kingdom", "lat": 51.5074, "lng": -0.1278 },
  "manchester": { "country": "United Kingdom", "lat": 53.4808, "lng": -2.2426 },
  "edinburgh": { "country": "United Kingdom", "lat": 55.9533, "lng": -3.1883 },
  "glasgow": { "country": "United Kingdom", "lat": 55.8642, "lng": -4.2518 },
  "dublin": { "country": "Ireland", "lat": 53.3498, "lng": -6.2603 },
  "barcelona": { "country": "Spain", "lat": 41.3851, "lng": 2.1734 },
  "madrid": { "country": "Spain", "lat": 40.4168, "lng": -3.7038 },
  "seville": { "country": "Spain", "lat": 37.3891, "lng": -5.9845 },
  "lisbon": { "country": "Portugal", "lat": 38.7223, "lng": -9.1393 },
  "porto": { "country": "Portugal", "lat": 41.1579, "lng": -8.6291 },
  "berlin": { "country": "Germany", "lat": 52.5200, "lng": 13.4050 },
  "munich": { "country": "Germany", "lat": 48.1351, "lng": 11.5820 },
  "hamburg": { "country": "Germany", "lat": 53.5511, "lng": 9.9937 },
  "vienna": { "country": "Austria", "lat": 48.2082, "lng": 16.3738 },
  "salzburg": { "country": "Austria", "lat": 47.8095, "lng": 13.0550 },
  "prague": { "country": "Czech Republic", "lat": 50.0755, "lng": 14.4378 },
  "budapest": { "country": "Hungary", "lat": 47.4979, "lng": 19.0402 },
  "krakow": { "country": "Poland", "lat": 50.0647, "lng": 19.9450 },
  "warsaw": { "country": "Poland", "lat": 52.2297, "lng": 21.0122 },
  "amman": { "country": "Jordan", "lat": 31.9454, "lng": 35.9284 },
  "athens": { "country": "Greece", "lat": 37.9838, "lng": 23.7275 },
  "santorini": { "country": "Greece", "lat": 36.3932, "lng": 25.4615 },
  "mykonos": { "country": "Greece", "lat": 37.4467, "lng": 25.3289 },
  "rhodes": { "country": "Greece", "lat": 36.4349, "lng": 28.2176 },
  "reykjavik": { "country": "Iceland", "lat": 64.1466, "lng": -21.9426 },
  "oslo": { "country": "Norway", "lat": 59.9139, "lng": 10.7522 },
  "bergen": { "country": "Norway", "lat": 60.3913, "lng": 5.3221 },
  "stockholm": { "country": "Sweden", "lat": 59.3293, "lng": 18.0686 },
  "gothenburg": { "country": "Sweden", "lat": 57.7089, "lng": 11.9746 },
  "copenhagen": { "country": "Denmark", "lat": 55.6761, "lng": 12.5683 },
  "helsinki": { "country": "Finland", "lat": 60.1699, "lng": 24.9384 },
  "vilnius": { "country": "Lithuania", "lat": 54.6872, "lng": 25.2797 },
  "riga": { "country": "Latvia", "lat": 56.9496, "lng": 24.1052 },
  "tallinn": { "country": "Estonia", "lat": 59.4370, "lng": 24.7536 },
  "zurich": { "country": "Switzerland", "lat": 47.3769, "lng": 8.5417 },
  "geneva": { "country": "Switzerland", "lat": 46.2044, "lng": 6.1432 },
  "interlaken": { "country": "Switzerland", "lat": 46.6863, "lng": 7.8632 },
  "lugano": { "country": "Switzerland", "lat": 46.0037, "lng": 8.9511 },
  "bruges": { "country": "Belgium", "lat": 51.2093, "lng": 3.2247 },
  "brussels": { "country": "Belgium", "lat": 50.8503, "lng": 4.3517 },
  "antwerp": { "country": "Belgium", "lat": 51.2194, "lng": 4.4025 },
  "luxembourg": { "country": "Luxembourg", "lat": 49.6116, "lng": 6.1319 },
  "zagreb": { "country": "Croatia", "lat": 45.8150, "lng": 15.9819 },
  "dubrovnik": { "country": "Croatia", "lat": 42.6507, "lng": 18.0944 },
  "split": { "country": "Croatia", "lat": 43.5081, "lng": 16.4402 },
  "belgrade": { "country": "Serbia", "lat": 44.7866, "lng": 20.4489 },
  "sarajevo": { "country": "Bosnia and Herzegovina", "lat": 43.8563, "lng": 18.4131 },
  "ljubljana": { "country": "Slovenia", "lat": 46.0569, "lng": 14.5058 },
  "sofia": { "country": "Bulgaria", "lat": 42.6977, "lng": 23.3219 },
  "bucharest": { "country": "Romania", "lat": 44.4268, "lng": 26.1025 },
  "istanbul": { "country": "Turkey", "lat": 41.0082, "lng": 28.9784 },
  "antalya": { "country": "Turkey", "lat": 36.8969, "lng": 30.7133 },
  "izmir": { "country": "Turkey", "lat": 38.4237, "lng": 27.1428 },
  "cairo": { "country": "Egypt", "lat": 30.0444, "lng": 31.2357 },
  "luxor": { "country": "Egypt", "lat": 25.6872, "lng": 32.6396 },
  "marrakech": { "country": "Morocco", "lat": 31.6295, "lng": -7.9811 },
  "casablanca": { "country": "Morocco", "lat": 33.5731, "lng": -7.5898 },
  "tangier": { "country": "Morocco", "lat": 35.7595, "lng": -5.8339 },
  "capetown": { "country": "South Africa", "lat": -33.9249, "lng": 18.4241 },
  "cape town": { "country": "South Africa", "lat": -33.9249, "lng": 18.4241 },
  "durban": { "country": "South Africa", "lat": -29.8587, "lng": 31.0218 },
  "johannesburg": { "country": "South Africa", "lat": -26.2041, "lng": 28.0473 },
  "nairobi": { "country": "Kenya", "lat": -1.2921, "lng": 36.8219 },
  "zanzibar": { "country": "Tanzania", "lat": -6.1659, "lng": 39.2026 },
  "serengeti": { "country": "Tanzania", "lat": -2.3333, "lng": 34.8333 },
  "addis ababa": { "country": "Ethiopia", "lat": 8.9806, "lng": 38.7578 },
  "accra": { "country": "Ghana", "lat": 5.6037, "lng": -0.1870 },
  "lagos": { "country": "Nigeria", "lat": 6.5244, "lng": 3.3792 },
  "dakar": { "country": "Senegal", "lat": 14.7167, "lng": -17.4677 },
  "tunis": { "country": "Tunisia", "lat": 36.8065, "lng": 10.1815 },
  "algiers": { "country": "Algeria", "lat": 36.7538, "lng": 3.0588 },
  "tehran": { "country": "Iran", "lat": 35.6892, "lng": 51.3890 },
  "dubai": { "country": "United Arab Emirates", "lat": 25.2048, "lng": 55.2708 },
  "abu dhabi": { "country": "United Arab Emirates", "lat": 24.4539, "lng": 54.3773 },
  "doha": { "country": "Qatar", "lat": 25.2854, "lng": 51.5310 },
  "muscat": { "country": "Oman", "lat": 23.5859, "lng": 58.4059 },
  "beirut": { "country": "Lebanon", "lat": 33.8938, "lng": 35.5018 },
  "jerusalem": { "country": "Israel", "lat": 31.7683, "lng": 35.2137 },
  "tel aviv": { "country": "Israel", "lat": 32.0853, "lng": 34.7818 },
  "amman_jordan": { "country": "Jordan", "lat": 31.9539, "lng": 35.9106 },
  "mumbai": { "country": "India", "lat": 19.0760, "lng": 72.8777 },
  "delhi": { "country": "India", "lat": 28.7041, "lng": 77.1025 },
  "new delhi": { "country": "India", "lat": 28.6139, "lng": 77.2090 },
  "agra": { "country": "India", "lat": 27.1767, "lng": 78.0081 },
  "jaipur": { "country": "India", "lat": 26.9124, "lng": 75.7873 },
  "udaipur": { "country": "India", "lat": 24.5854, "lng": 73.7125 },
  "goa": { "country": "India", "lat": 15.2993, "lng": 74.1240 },
  "kerala": { "country": "India", "lat": 10.8505, "lng": 76.2711 },
  "varanasi": { "country": "India", "lat": 25.3176, "lng": 82.9739 },
  "kolkata": { "country": "India", "lat": 22.5726, "lng": 88.3639 },
  "bangalore": { "country": "India", "lat": 12.9716, "lng": 77.5946 },
  "chennai": { "country": "India", "lat": 13.0827, "lng": 80.2707 },
  "hyderabad": { "country": "India", "lat": 17.3850, "lng": 78.4867 },
  "srinagar": { "country": "India", "lat": 34.0837, "lng": 74.7973 },
  "leh": { "country": "India", "lat": 34.1526, "lng": 77.5771 },
  "colombo": { "country": "Sri Lanka", "lat": 6.9271, "lng": 79.8612 },
  "kandy": { "country": "Sri Lanka", "lat": 7.2906, "lng": 80.6337 },
  "maldives": { "country": "Maldives", "lat": 3.2028, "lng": 73.2207 },
  "male": { "country": "Maldives", "lat": 4.1755, "lng": 73.5093 },
  "bangkok": { "country": "Thailand", "lat": 13.7563, "lng": 100.5018 },
  "chiang mai": { "country": "Thailand", "lat": 18.7869, "lng": 98.9853 },
  "phuket": { "country": "Thailand", "lat": 7.9519, "lng": 98.3381 },
  "koh samui": { "country": "Thailand", "lat": 9.5120, "lng": 100.0133 },
  "ho chi minh city": { "country": "Vietnam", "lat": 10.8231, "lng": 106.6297 },
  "hanoi": { "country": "Vietnam", "lat": 21.0278, "lng": 105.8342 },
  "halong bay": { "country": "Vietnam", "lat": 20.9101, "lng": 107.1839 },
  "hanoi_old_quarter": { "country": "Vietnam", "lat": 21.0307, "lng": 105.8522 },
  "hue": { "country": "Vietnam", "lat": 16.4637, "lng": 107.5909 },
  "phnom penh": { "country": "Cambodia", "lat": 11.5564, "lng": 104.9282 },
  "siem reap": { "country": "Cambodia", "lat": 13.3671, "lng": 103.8448 },
  "angkor wat": { "country": "Cambodia", "lat": 13.4125, "lng": 103.8667 },
  "kuala lumpur": { "country": "Malaysia", "lat": 3.1390, "lng": 101.6869 },
  "penang": { "country": "Malaysia", "lat": 5.4164, "lng": 100.3327 },
  "langkawi": { "country": "Malaysia", "lat": 6.3298, "lng": 99.7431 },
  "singapore": { "country": "Singapore", "lat": 1.3521, "lng": 103.8198 },
  "bali": { "country": "Indonesia", "lat": -8.3405, "lng": 115.0920 },
  "ubud": { "country": "Indonesia", "lat": -8.5069, "lng": 115.2624 },
  "jakarta": { "country": "Indonesia", "lat": -6.2088, "lng": 106.8456 },
  "yogyakarta": { "country": "Indonesia", "lat": -7.7956, "lng": 110.3695 },
  "bora bora": { "country": "French Polynesia", "lat": -16.5004, "lng": -151.7415 },
  "french polynesia": { "country": "French Polynesia", "lat": -17.6797, "lng": -149.4068 },
  "auckland": { "country": "New Zealand", "lat": -36.8485, "lng": 174.7633 },
  "queenstown": { "country": "New Zealand", "lat": -45.0312, "lng": 168.6626 },
  "wellington": { "country": "New Zealand", "lat": -41.2865, "lng": 174.7762 },
  "sydney": { "country": "Australia", "lat": -33.8688, "lng": 151.2093 },
  "melbourne": { "country": "Australia", "lat": -37.8136, "lng": 144.9631 },
  "brisbane": { "country": "Australia", "lat": -27.4698, "lng": 153.0251 },
  "gold coast": { "country": "Australia", "lat": -28.0167, "lng": 153.4000 },
  "perth": { "country": "Australia", "lat": -31.9505, "lng": 115.8605 },
  "adelaide": { "country": "Australia", "lat": -34.9285, "lng": 138.6007 },
  "hobart": { "country": "Australia", "lat": -42.8821, "lng": 147.3272 },
"darwin": { "country": "Australia", "lat": -12.4634, "lng": 130.8456 },
"tasmania": { "country": "Australia", "lat": -42.0409, "lng": 146.8087 },
"great barrier reef": { "country": "Australia", "lat": -18.2871, "lng": 147.6992 },
"fiji": { "country": "Fiji", "lat": -17.7134, "lng": 178.0650 },
"nadi": { "country": "Fiji", "lat": -17.7990, "lng": 177.4160 },
"suva": { "country": "Fiji", "lat": -18.1248, "lng": 178.4501 },
"honolulu": { "country": "United States", "lat": 21.3069, "lng": -157.8583 },
"maui": { "country": "United States", "lat": 20.7984, "lng": -156.3319 },
"kauai": { "country": "United States", "lat": 22.0964, "lng": -159.5261 },
"los angeles": { "country": "United States", "lat": 34.0522, "lng": -118.2437 },
"san francisco": { "country": "United States", "lat": 37.7749, "lng": -122.4194 },
"las vegas": { "country": "United States", "lat": 36.1699, "lng": -115.1398 },
"new york": { "country": "United States", "lat": 40.7128, "lng": -74.0060 },
"chicago": { "country": "United States", "lat": 41.8781, "lng": -87.6298 },
"boston": { "country": "United States", "lat": 42.3601, "lng": -71.0589 },
"washington dc": { "country": "United States", "lat": 38.9072, "lng": -77.0369 },
"miami": { "country": "United States", "lat": 25.7617, "lng": -80.1918 },
"orlando": { "country": "United States", "lat": 28.5383, "lng": -81.3792 },
"seattle": { "country": "United States", "lat": 47.6062, "lng": -122.3321 },
"portland": { "country": "United States", "lat": 45.5051, "lng": -122.6750 },
"houston": { "country": "United States", "lat": 29.7604, "lng": -95.3698 },
"dallas": { "country": "United States", "lat": 32.7767, "lng": -96.7970 },
"atlanta": { "country": "United States", "lat": 33.7490, "lng": -84.3880 },
"philadelphia": { "country": "United States", "lat": 39.9526, "lng": -75.1652 },
"denver": { "country": "United States", "lat": 39.7392, "lng": -104.9903 },
"salt lake city": { "country": "United States", "lat": 40.7608, "lng": -111.8910 },
"phoenix": { "country": "United States", "lat": 33.4484, "lng": -112.0740 },
"san diego": { "country": "United States", "lat": 32.7157, "lng": -117.1611 },
"new orleans": { "country": "United States", "lat": 29.9511, "lng": -90.0715 },
"nashville": { "country": "United States", "lat": 36.1627, "lng": -86.7816 },
"charleston": { "country": "United States", "lat": 32.7765, "lng": -79.9311 },
"savannah": { "country": "United States", "lat": 32.0809, "lng": -81.0912 },
"toronto": { "country": "Canada", "lat": 43.6532, "lng": -79.3832 },
"vancouver": { "country": "Canada", "lat": 49.2827, "lng": -123.1207 },
"montreal": { "country": "Canada", "lat": 45.5017, "lng": -73.5673 },
"calgary": { "country": "Canada", "lat": 51.0447, "lng": -114.0719 },
"ottawa": { "country": "Canada", "lat": 45.4215, "lng": -75.6972 },
"quebec city": { "country": "Canada", "lat": 46.8139, "lng": -71.2080 },
"banff": { "country": "Canada", "lat": 51.1784, "lng": -115.5708 },
"whistler": { "country": "Canada", "lat": 50.1163, "lng": -122.9574 },
"cancun": { "country": "Mexico", "lat": 21.1619, "lng": -86.8515 },
"mexico city": { "country": "Mexico", "lat": 19.4326, "lng": -99.1332 },
"tulum": { "country": "Mexico", "lat": 20.2114, "lng": -87.4654 },
"guadalajara": { "country": "Mexico", "lat": 20.6597, "lng": -103.3496 },
"monterrey": { "country": "Mexico", "lat": 25.6866, "lng": -100.3161 },
"cabo san lucas": { "country": "Mexico", "lat": 22.8905, "lng": -109.9167 },
"havana": { "country": "Cuba", "lat": 23.1136, "lng": -82.3666 },
"nassau": { "country": "Bahamas", "lat": 25.0443, "lng": -77.3504 },
"kingston": { "country": "Jamaica", "lat": 17.9712, "lng": -76.7936 },
"montego bay": { "country": "Jamaica", "lat": 18.4762, "lng": -77.8939 },
"puerto rico": { "country": "United States", "lat": 18.2208, "lng": -66.5901 },
"san juan": { "country": "Puerto Rico", "lat": 18.4655, "lng": -66.1057 },
"aruba": { "country": "Aruba", "lat": 12.5211, "lng": -69.9683 },
"curacao": { "country": "Curacao", "lat": 12.1696, "lng": -68.9900 },
"barbados": { "country": "Barbados", "lat": 13.1939, "lng": -59.5432 },
"st lucia": { "country": "Saint Lucia", "lat": 13.9094, "lng": -60.9789 },
"dominican republic": { "country": "Dominican Republic", "lat": 18.7357, "lng": -70.1627 },
"punta cana": { "country": "Dominican Republic", "lat": 18.5601, "lng": -68.3725 },
"rio de janeiro": { "country": "Brazil", "lat": -22.9068, "lng": -43.1729 },
"sao paulo": { "country": "Brazil", "lat": -23.5505, "lng": -46.6333 },
"brasília": { "country": "Brazil", "lat": -15.7939, "lng": -47.8828 },
"salvador": { "country": "Brazil", "lat": -12.9777, "lng": -38.5016 },
"buenos aires": { "country": "Argentina", "lat": -34.6037, "lng": -58.3816 },
"mendoza": { "country": "Argentina", "lat": -32.8895, "lng": -68.8458 },
"bariloche": { "country": "Argentina", "lat": -41.1335, "lng": -71.3103 },
"santiago": { "country": "Chile", "lat": -33.4489, "lng": -70.6693 },
"valparaiso": { "country": "Chile", "lat": -33.0472, "lng": -71.6127 },
"san pedro de atacama": { "country": "Chile", "lat": -22.9083, "lng": -68.2000 },
"lima": { "country": "Peru", "lat": -12.0464, "lng": -77.0428 },
"cusco": { "country": "Peru", "lat": -13.5319, "lng": -71.9675 },
"machu picchu": { "country": "Peru", "lat": -13.1631, "lng": -72.5450 },
"quito": { "country": "Ecuador", "lat": -0.1807, "lng": -78.4678 },
"galapagos islands": { "country": "Ecuador", "lat": -0.9538, "lng": -90.9656 },
"bogota": { "country": "Colombia", "lat": 4.7110, "lng": -74.0721 },
"medellin": { "country": "Colombia", "lat": 6.2442, "lng": -75.5812 },
"cartagena": { "country": "Colombia", "lat": 10.3910, "lng": -75.4794 },
"panama city": { "country": "Panama", "lat": 8.9824, "lng": -79.5199 },
"san jose": { "country": "Costa Rica", "lat": 9.9281, "lng": -84.0907 },
"monteverde": { "country": "Costa Rica", "lat": 10.2900, "lng": -84.8250 },
"la fortuna": { "country": "Costa Rica", "lat": 10.4707, "lng": -84.6452 },
"cairo_egypt": { "country": "Egypt", "lat": 30.0444, "lng": 31.2357 },
"alexandria": { "country": "Egypt", "lat": 31.2001, "lng": 29.9187 },
"petra": { "country": "Jordan", "lat": 30.3285, "lng": 35.4444 },
"wadi rum": { "country": "Jordan", "lat": 29.5735, "lng": 35.4200 },
"riyadh": { "country": "Saudi Arabia", "lat": 24.7136, "lng": 46.6753 },
"jedda": { "country": "Saudi Arabia", "lat": 21.4858, "lng": 39.1925 },
"mecca": { "country": "Saudi Arabia", "lat": 21.3891, "lng": 39.8579 },
"medina": { "country": "Saudi Arabia", "lat": 24.5247, "lng": 39.5692 },
"doha_qatar": { "country": "Qatar", "lat": 25.2854, "lng": 51.5310 },
"tbilisi": { "country": "Georgia", "lat": 41.7151, "lng": 44.8271 },
"batumi": { "country": "Georgia", "lat": 41.6168, "lng": 41.6367 },
"yerevan": { "country": "Armenia", "lat": 40.1792, "lng": 44.4991 },
"baku": { "country": "Azerbaijan", "lat": 40.4093, "lng": 49.8671 },
"almaty": { "country": "Kazakhstan", "lat": 43.2220, "lng": 76.8512 },
"astana": { "country": "Kazakhstan", "lat": 51.1605, "lng": 71.4704 },
"bishkek": { "country": "Kyrgyzstan", "lat": 42.8746, "lng": 74.5698 },
"tashkent": { "country": "Uzbekistan", "lat": 41.2995, "lng": 69.2401 },
"samarkand": { "country": "Uzbekistan", "lat": 39.6270, "lng": 66.9749 },
"buchara": { "country": "Uzbekistan", "lat": 39.7747, "lng": 64.4286 },
"kabul": { "country": "Afghanistan", "lat": 34.5553, "lng": 69.2075 },
"islamabad": { "country": "Pakistan", "lat": 33.6844, "lng": 73.0479 },
"lahore": { "country": "Pakistan", "lat": 31.5204, "lng": 74.3587 },
"karachi": { "country": "Pakistan", "lat": 24.8607, "lng": 67.0011 },
"gilgit": { "country": "Pakistan", "lat": 35.8816, "lng": 74.4640 },
"skardu": { "country": "Pakistan", "lat": 35.2976, "lng": 75.6337 },
"kathmandu": { "country": "Nepal", "lat": 27.7172, "lng": 85.3240 },
"pokhara": { "country": "Nepal", "lat": 28.2096, "lng": 83.9856 },
"bhaktapur": { "country": "Nepal", "lat": 27.6727, "lng": 85.4278 },
"thimphu": { "country": "Bhutan", "lat": 27.4728, "lng": 89.6390 },
"paro": { "country": "Bhutan", "lat": 27.4305, "lng": 89.4136 },
"lhasa": { "country": "China", "lat": 29.6520, "lng": 91.1721 },
"beijing": { "country": "China", "lat": 39.9042, "lng": 116.4074 },
"shanghai": { "country": "China", "lat": 31.2304, "lng": 121.4737 },
"guangzhou": { "country": "China", "lat": 23.1291, "lng": 113.2644 },
"shenzhen": { "country": "China", "lat": 22.5431, "lng": 114.0579 },
"chengdu": { "country": "China", "lat": 30.5728, "lng": 104.0668 },
"xian": { "country": "China", "lat": 34.3416, "lng": 108.9398 },
"guilin": { "country": "China", "lat": 25.2742, "lng": 110.2991 },
"zhangjiajie": { "country": "China", "lat": 29.1174, "lng": 110.4792 },
"hong kong": { "country": "China", "lat": 22.3193, "lng": 114.1694 },
"macau": { "country": "China", "lat": 22.1987, "lng": 113.5439 },
"taipei": { "country": "Taiwan", "lat": 25.0330, "lng": 121.5654 },
"kaohsiung": { "country": "Taiwan", "lat": 22.6273, "lng": 120.3014 },
"singapore_city": { "country": "Singapore", "lat": 1.3521, "lng": 103.8198 },
"seoul": { "country": "South Korea", "lat": 37.5665, "lng": 126.9780 },
"busan": { "country": "South Korea", "lat": 35.1796, "lng": 129.0756 },
"jeju": { "country": "South Korea", "lat": 33.4996, "lng": 126.5312 },
"tokyo": { "country": "Japan", "lat": 35.6764, "lng": 139.6500 },
"kyoto": { "country": "Japan", "lat": 35.0116, "lng": 135.7681 },
"osaka": { "country": "Japan", "lat": 34.6937, "lng": 135.5023 },
"hiroshima": { "country": "Japan", "lat": 34.3853, "lng": 132.4553 },
"sapporo": { "country": "Japan", "lat": 43.0618, "lng": 141.3545 },
"hakone": { "country": "Japan", "lat": 35.2324, "lng": 139.1068 },
"nara": { "country": "Japan", "lat": 34.6851, "lng": 135.8050 },
"fukuoka": { "country": "Japan", "lat": 33.5902, "lng": 130.4017 },
"okinawa": { "country": "Japan", "lat": 26.3344, "lng": 127.8056 },
"doha_city": { "country": "Qatar", "lat": 25.2854, "lng": 51.5310 },
"kuwait city": { "country": "Kuwait", "lat": 29.3759, "lng": 47.9774 },
"manama": { "country": "Bahrain", "lat": 26.2235, "lng": 50.5876 },
"hanoi_city": { "country": "Vietnam", "lat": 21.0278, "lng": 105.8342 },
"sa pa": { "country": "Vietnam", "lat": 22.3402, "lng": 103.8440 },
"da nang": { "country": "Vietnam", "lat": 16.0544, "lng": 108.2022 },
"hoi an": { "country": "Vietnam", "lat": 15.8801, "lng": 108.3380 },
"yangon": { "country": "Myanmar", "lat": 16.8409, "lng": 96.1735 },
"mandalay": { "country": "Myanmar", "lat": 21.9588, "lng": 96.0891 },
"bagan": { "country": "Myanmar", "lat": 21.1667, "lng": 94.8667 },
"colombo_city": { "country": "Sri Lanka", "lat": 6.9271, "lng": 79.8612 },
"galle": { "country": "Sri Lanka", "lat": 6.0329, "lng": 80.2168 },
"male_city": { "country": "Maldives", "lat": 4.1755, "lng": 73.5093 },
"ari atoll": { "country": "Maldives", "lat": 3.9339, "lng": 72.8333 },
"tehran_city": { "country": "Iran", "lat": 35.6892, "lng": 51.3890 },
"shiraz": { "country": "Iran", "lat": 29.5918, "lng": 52.5837 },
"isfahan": { "country": "Iran", "lat": 32.6539, "lng": 51.6660 },
"johor bahru": { "country": "Malaysia", "lat": 1.4927, "lng": 103.7414 },
"malacca": { "country": "Malaysia", "lat": 2.1896, "lng": 102.2501 },
"ipoh": { "country": "Malaysia", "lat": 4.5975, "lng": 101.0901 },
"medan": { "country": "Indonesia", "lat": 3.5952, "lng": 98.6722 },
"surabaya": { "country": "Indonesia", "lat": -7.2575, "lng": 112.7521 },
"lombok": { "country": "Indonesia", "lat": -8.6500, "lng": 116.3249 },
"komodo island": { "country": "Indonesia", "lat": -8.5833, "lng": 119.4500 },
"khartoum": { "country": "Sudan", "lat": 15.5007, "lng": 32.5599 },
"addis_ababa": { "country": "Ethiopia", "lat": 8.9806, "lng": 38.7578 },
"gaborone": { "country": "Botswana", "lat": -24.6282, "lng": 25.9231 },
"victoria falls": { "country": "Zimbabwe", "lat": -17.9243, "lng": 25.8560 },
"harare": { "country": "Zimbabwe", "lat": -17.8252, "lng": 31.0335 },
"windhoek": { "country": "Namibia", "lat": -22.5609, "lng": 17.0658 },
"sossusvlei": { "country": "Namibia", "lat": -24.7275, "lng": 15.3024 },
"antananarivo": { "country": "Madagascar", "lat": -18.8792, "lng": 47.5079 },
"nosy be": { "country": "Madagascar", "lat": -13.3121, "lng": 48.2610 },
"lagos_nigeria": { "country": "Nigeria", "lat": 6.5244, "lng": 3.3792 },
"abuja": { "country": "Nigeria", "lat": 9.0765, "lng": 7.3986 },
"accra_city": { "country": "Ghana", "lat": 5.6037, "lng": -0.1870 },
"kumasi": { "country": "Ghana", "lat": 6.6666, "lng": -1.6163 },
"casablanca_city": { "country": "Morocco", "lat": 33.5731, "lng": -7.5898 },
"chefchaouen": { "country": "Morocco", "lat": 35.1714, "lng": -5.2697 },
"fes": { "country": "Morocco", "lat": 34.0331, "lng": -5.0003 },
"marrakech_city": { "country": "Morocco", "lat": 31.6295, "lng": -7.9811 },
"jeddah": { "country": "Saudi Arabia", "lat": 21.4858, "lng": 39.1925 },
"tunis_city": { "country": "Tunisia", "lat": 36.8065, "lng": 10.1815 },
"belmopan": { "country": "Belize", "lat": 17.2510, "lng": -88.7590 },
"belize city": { "country": "Belize", "lat": 17.5046, "lng": -88.1962 },
"granada": { "country": "Nicaragua", "lat": 11.9344, "lng": -85.9560 },
"leon": { "country": "Nicaragua", "lat": 12.4379, "lng": -86.8780 },
"guatemala city": { "country": "Guatemala", "lat": 14.6349, "lng": -90.5069 },
"antigua guatemala": { "country": "Guatemala", "lat": 14.5594, "lng": -90.7295 },
"quito_city": { "country": "Ecuador", "lat": -0.1807, "lng": -78.4678 },
"cartagena_city": { "country": "Colombia", "lat": 10.3910, "lng": -75.4794 },
"montevideo": { "country": "Uruguay", "lat": -34.9011, "lng": -56.1645 },
"punta del este": { "country": "Uruguay", "lat": -34.9681, "lng": -54.9475 },
"asuncion": { "country": "Paraguay", "lat": -25.2637, "lng": -57.5759 },
"la paz": { "country": "Bolivia", "lat": -16.4897, "lng": -68.1193 },
"uyuni": { "country": "Bolivia", "lat": -20.4604, "lng": -66.8265 },
"bogota_city": { "country": "Colombia", "lat": 4.7110, "lng": -74.0721 },
"manaus": { "country": "Brazil", "lat": -3.1190, "lng": -60.0217 },
"fortaleza": { "country": "Brazil", "lat": -3.7319, "lng": -38.5267 },
"recife": { "country": "Brazil", "lat": -8.0476, "lng": -34.8770 },
"natal": { "country": "Brazil", "lat": -5.7793, "lng": -35.2009 },
"porto alegre": { "country": "Brazil", "lat": -30.0346, "lng": -51.2177 },
"florianopolis": { "country": "Brazil", "lat": -27.5949, "lng": -48.5482 },
"georgetown": { "country": "Guyana", "lat": 6.8013, "lng": -58.1551 },
"paramaribo": { "country": "Suriname", "lat": 5.8520, "lng": -55.2038 },
"caracas": { "country": "Venezuela", "lat": 10.4806, "lng": -66.9036 },
"kingstown": { "country": "Saint Vincent and the Grenadines", "lat": 13.1600, "lng": -61.2248 },
"grenada": { "country": "Grenada", "lat": 12.1165, "lng": -61.6790 },
"reunion island": { "country": "France", "lat": -21.1151, "lng": 55.5364 },
"mauritius": { "country": "Mauritius", "lat": -20.3484, "lng": 57.5522 },
"port louis": { "country": "Mauritius", "lat": -20.1619, "lng": 57.4989 },
"seychelles": { "country": "Seychelles", "lat": -4.6796, "lng": 55.4920 },
"mahe": { "country": "Seychelles", "lat": -4.6796, "lng": 55.4920 },
"praslin": { "country": "Seychelles", "lat": -4.3170, "lng": 55.7423 },
"tehran_iran": { "country": "Iran", "lat": 35.6892, "lng": 51.3890 },
"tabriz": { "country": "Iran", "lat": 38.0962, "lng": 46.2738 },
"erbil": { "country": "Iraq", "lat": 36.1911, "lng": 44.0090 },
"baghdad": { "country": "Iraq", "lat": 33.3152, "lng": 44.3661 },
"basra": { "country": "Iraq", "lat": 30.5085, "lng": 47.7804 },
"kigali": { "country": "Rwanda", "lat": -1.9441, "lng": 30.0619 },
"bujumbura": { "country": "Burundi", "lat": -3.3614, "lng": 29.3599 },
"kampala": { "country": "Uganda", "lat": 0.3476, "lng": 32.5825 },
"entebbe": { "country": "Uganda", "lat": 0.3476, "lng": 32.5825 },
"arusha": { "country": "Tanzania", "lat": -3.3869, "lng": 36.6829 },
"kilimanjaro": { "country": "Tanzania", "lat": -3.0674, "lng": 37.3556 },
"maputo": { "country": "Mozambique", "lat": -25.9692, "lng": 32.5732 },
"pemba": { "country": "Mozambique", "lat": -12.9730, "lng": 40.5170 },
"lusaka": { "country": "Zambia", "lat": -15.3875, "lng": 28.3228 },
"livingstone": { "country": "Zambia", "lat": -17.8420, "lng": 25.8544 },
"giza": { "country": "Egypt", "lat": 30.0081, "lng": 31.2109 },
"sharm el sheikh": { "country": "Egypt", "lat": 27.9158, "lng": 34.3299 },
"hurghada": { "country": "Egypt", "lat": 27.2579, "lng": 33.8116 },
"addis ababa_city": { "country": "Ethiopia", "lat": 8.9806, "lng": 38.7578 },
"doha_city_qatar": { "country": "Qatar", "lat": 25.2854, "lng": 51.5310 },
"salalah": { "country": "Oman", "lat": 17.0187, "lng": 54.0924 },
"muscat_city": { "country": "Oman", "lat": 23.5859, "lng": 58.4059 },
"nizwa": { "country": "Oman", "lat": 22.9333, "lng": 57.5333 },
"ankara": { "country": "Turkey", "lat": 39.9334, "lng": 32.8597 },
"konya": { "country": "Turkey", "lat": 37.8746, "lng": 32.4932 },
"bodrum": { "country": "Turkey", "lat": 37.0344, "lng": 27.4305 },
"kapadokya": { "country": "Turkey", "lat": 38.6431, "lng": 34.8270 },
"matera": { "country": "Italy", "lat": 40.6663, "lng": 16.6043 },
"siena": { "country": "Italy", "lat": 43.3188, "lng": 11.3308 },
"verona": { "country": "Italy", "lat": 45.4384, "lng": 10.9916 },
"cinque terre": { "country": "Italy", "lat": 44.1460, "lng": 9.6430 },
"lyon": { "country": "France", "lat": 45.7640, "lng": 4.8357 },
"marseille": { "country": "France", "lat": 43.2965, "lng": 5.3698 },
"toulouse": { "country": "France", "lat": 43.6047, "lng": 1.4442 },
"strasbourg": { "country": "France", "lat": 48.5734, "lng": 7.7521 },
"bordeaux": { "country": "France", "lat": 44.8378, "lng": -0.5792 },
"french riviera": { "country": "France", "lat": 43.7034, "lng": 7.2663 },
"hamburg_city": { "country": "Germany", "lat": 53.5511, "lng": 9.9937 },
"frankfurt": { "country": "Germany", "lat": 50.1109, "lng": 8.6821 },
"dusseldorf": { "country": "Germany", "lat": 51.2277, "lng": 6.7735 },
"stuttgart": { "country": "Germany", "lat": 48.7758, "lng": 9.1829 },
"heidelberg": { "country": "Germany", "lat": 49.3988, "lng": 8.6724 },
"lucerne": { "country": "Switzerland", "lat": 47.0502, "lng": 8.3093 },
"zermatt": { "country": "Switzerland", "lat": 46.0207, "lng": 7.7491 },
"st moritz": { "country": "Switzerland", "lat": 46.4890, "lng": 9.8355 },
"mallorca": { "country": "Spain", "lat": 39.6953, "lng": 3.0176 },
"ibiza": { "country": "Spain", "lat": 38.9067, "lng": 1.4206 },
"granada_spain": { "country": "Spain", "lat": 37.1773, "lng": -3.5986 },
"valencia": { "country": "Spain", "lat": 39.4699, "lng": -0.3763 },
"zaragoza": { "country": "Spain", "lat": 41.6488, "lng": -0.8891 },
"porto_city": { "country": "Portugal", "lat": 41.1579, "lng": -8.6291 },
"faro": { "country": "Portugal", "lat": 37.0194, "lng": -7.9304 },
"algarve": { "country": "Portugal", "lat": 37.0902, "lng": -8.2500 },
"dublin_city": { "country": "Ireland", "lat": 53.3498, "lng": -6.2603 },
"galway": { "country": "Ireland", "lat": 53.2707, "lng": -9.0568 },
"cork": { "country": "Ireland", "lat": 51.8985, "lng": -8.4756 },
"edinburgh_city": { "country": "United Kingdom", "lat": 55.9533, "lng": -3.1883 },
"liverpool": { "country": "United Kingdom", "lat": 53.4084, "lng": -2.9916 },
"birmingham": { "country": "United Kingdom", "lat": 52.4862, "lng": -1.8904 },
"brighton": { "country": "United Kingdom", "lat": 50.8225, "lng": -0.1372 },
"manchester_city": { "country": "United Kingdom", "lat": 53.4808, "lng": -2.2426 },
"oslo_city": { "country": "Norway", "lat": 59.9139, "lng": 10.7522 },
"tromso": { "country": "Norway", "lat": 69.6492, "lng": 18.9553 },
"riga_city": { "country": "Latvia", "lat": 56.9496, "lng": 24.1052 },
"vilnius_city": { "country": "Lithuania", "lat": 54.6872, "lng": 25.2797 },
"tallinn_city": { "country": "Estonia", "lat": 59.4370, "lng": 24.7536 },
"moscow": { "country": "Russia", "lat": 55.7558, "lng": 37.6173 },
"st petersburg": { "country": "Russia", "lat": 59.9311, "lng": 30.3609 },
"sochi": { "country": "Russia", "lat": 43.6028, "lng": 39.7342 },
"tbilisi_city": { "country": "Georgia", "lat": 41.7151, "lng": 44.8271 },
"yerevan_city": { "country": "Armenia", "lat": 40.1792, "lng": 44.4991 },
"ubud_bali": { "country": "Indonesia", "lat": -8.5069, "lng": 115.2624 },
"gold coast_city": { "country": "Australia", "lat": -28.0167, "lng": 153.4000 },
"noosa": { "country": "Australia", "lat": -26.3910, "lng": 153.0550 },
"byron bay": { "country": "Australia", "lat": -28.6474, "lng": 153.6020 },
"cairns": { "country": "Australia", "lat": -16.9186, "lng": 145.7781 },
"darwin_city": { "country": "Australia", "lat": -12.4634, "lng": 130.8456 },
"hobart_city": { "country": "Australia", "lat": -42.8821, "lng": 147.3272 },
"dar es salaam": { "country": "Tanzania", "lat": -6.7924, "lng": 39.2083 },
"stone town": { "country": "Tanzania", "lat": -6.1620, "lng": 39.1940 },
"arusha_tanzania": { "country": "Tanzania", "lat": -3.3869, "lng": 36.6829 },
"addo": { "country": "South Africa", "lat": -33.5575, "lng": 25.6927 },
"knysna": { "country": "South Africa", "lat": -34.0340, "lng": 23.0430 },
"plettenberg bay": { "country": "South Africa", "lat": -34.0527, "lng": 23.3716 },
"port elizabeth": { "country": "South Africa", "lat": -33.9608, "lng": 25.6022 },
"drakensberg": { "country": "South Africa", "lat": -29.7343, "lng": 29.3884 },
"monastir": { "country": "Tunisia", "lat": 35.7643, "lng": 10.8113 },
"tozeur": { "country": "Tunisia", "lat": 33.9197, "lng": 8.1335 },
"oran": { "country": "Algeria", "lat": 35.6971, "lng": -0.6308 },
"constantine": { "country": "Algeria", "lat": 36.3650, "lng": 6.6147 },
"asmara": { "country": "Eritrea", "lat": 15.3229, "lng": 38.9251 },
"djibouti": { "country": "Djibouti", "lat": 11.8251, "lng": 42.5903 },
"mogadishu": { "country": "Somalia", "lat": 2.0469, "lng": 45.3182 },
"victoria seychelles": { "country": "Seychelles", "lat": -4.6191, "lng": 55.4513 },
"noumea": { "country": "New Caledonia", "lat": -22.2758, "lng": 166.4580 },
"port vila": { "country": "Vanuatu", "lat": -17.7333, "lng": 168.3273 },
"apia": { "country": "Samoa", "lat": -13.8333, "lng": -171.7667 },
"tongatapu": { "country": "Tonga", "lat": -21.1789, "lng": -175.1982 },
"rarotonga": { "country": "Cook Islands", "lat": -21.2333, "lng": -159.7833 },
"papeete": { "country": "French Polynesia", "lat": -17.5516, "lng": -149.5585 },
"osaka_city": { "country": "Japan", "lat": 34.6937, "lng": 135.5023 },
"kanazawa": { "country": "Japan", "lat": 36.5613, "lng": 136.6562 },
"takayama": { "country": "Japan", "lat": 36.1461, "lng": 137.2510 },
"nikko": { "country": "Japan", "lat": 36.7199, "lng": 139.6982 },
"yokohama": { "country": "Japan", "lat": 35.4437, "lng": 139.6380 },
"nagasaki": { "country": "Japan", "lat": 32.7503, "lng": 129.8777 },
"kagoshima": { "country": "Japan", "lat": 31.5966, "lng": 130.5571 },
"incheon": { "country": "South Korea", "lat": 37.4563, "lng": 126.7052 },
"daejeon": { "country": "South Korea", "lat": 36.3504, "lng": 127.3845 },
"gwangju": { "country": "South Korea", "lat": 35.1595, "lng": 126.8526 },
"kobe": { "country": "Japan", "lat": 34.6901, "lng": 135.1955 },
"urumqi": { "country": "China", "lat": 43.8256, "lng": 87.6168 },
"harbin": { "country": "China", "lat": 45.8038, "lng": 126.5349 },
"dalian": { "country": "China", "lat": 38.9140, "lng": 121.6147 },
"qingdao": { "country": "China", "lat": 36.0671, "lng": 120.3826 },
"suzhou": { "country": "China", "lat": 31.2989, "lng": 120.5853 },
"hangzhou": { "country": "China", "lat": 30.2741, "lng": 120.1551 },
"nanjing": { "country": "China", "lat": 32.0603, "lng": 118.7969 },
"wuhan": { "country": "China", "lat": 30.5928, "lng": 114.3055 },
"tianjin": { "country": "China", "lat": 39.3434, "lng": 117.3616 },
"changsha": { "country": "China", "lat": 28.2282, "lng": 112.9388 },
"kunming": { "country": "China", "lat": 25.0389, "lng": 102.7183 },
"lijiang": { "country": "China", "lat": 26.8721, "lng": 100.2389 },
"sanya": { "country": "China", "lat": 18.2528, "lng": 109.5119 },
"doha_final": { "country": "Qatar", "lat": 25.2854, "lng": 51.5310 },
"ashgabat": { "country": "Turkmenistan", "lat": 37.9601, "lng": 58.3261 },
"dushanbe": { "country": "Tajikistan", "lat": 38.5598, "lng": 68.7870 },
"bishkek_city": { "country": "Kyrgyzstan", "lat": 42.8746, "lng": 74.5698 },
"almaty_city": { "country": "Kazakhstan", "lat": 43.2220, "lng": 76.8512 },
"shymkent": { "country": "Kazakhstan", "lat": 42.3152, "lng": 69.5869 },
"tashkent_city": { "country": "Uzbekistan", "lat": 41.2995, "lng": 69.2401 },
"khiva": { "country": "Uzbekistan", "lat": 41.3796, "lng": 60.3590 },
"ahmedabad": { "country": "India", "lat": 23.0225, "lng": 72.5714 },
"surat": { "country": "India", "lat": 21.1702, "lng": 72.8311 },
"pune": { "country": "India", "lat": 18.5204, "lng": 73.8567 },
"coimbatore": { "country": "India", "lat": 11.0168, "lng": 76.9558 },
"madurai": { "country": "India", "lat": 9.9252, "lng": 78.1198 },
"trivandrum": { "country": "India", "lat": 8.5241, "lng": 76.9366 },
"varkala": { "country": "India", "lat": 8.7379, "lng": 76.7163 },
"alleppey": { "country": "India", "lat": 9.4981, "lng": 76.3388 },
"kodaikanal": { "country": "India", "lat": 10.2381, "lng": 77.4892 },
"ooty": { "country": "India", "lat": 11.4102, "lng": 76.6950 },
"darjeeling": { "country": "India", "lat": 27.0360, "lng": 88.2627 },
"shillong": { "country": "India", "lat": 25.5788, "lng": 91.8933 },
"kohima": { "country": "India", "lat": 25.6701, "lng": 94.1077 },
"yangon_city": { "country": "Myanmar", "lat": 16.8409, "lng": 96.1735 },
"brisbane_city": { "country": "Australia", "lat": -27.4698, "lng": 153.0251 },
"adelaide_city": { "country": "Australia", "lat": -34.9285, "lng": 138.6007 },
"geelong": { "country": "Australia", "lat": -38.1499, "lng": 144.3617 },
"wollongong": { "country": "Australia", "lat": -34.4278, "lng": 150.8931 },
"uluru": { "country": "Australia", "lat": -25.3444, "lng": 131.0369 },
"alice springs": { "country": "Australia", "lat": -23.6980, "lng": 133.8807 },
"juneau": { "country": "United States", "lat": 58.3019, "lng": -134.4197 },
"anchorage": { "country": "United States", "lat": 61.2181, "lng": -149.9003 },
"detroit": { "country": "United States", "lat": 42.3314, "lng": -83.0458 },
"minneapolis": { "country": "United States", "lat": 44.9778, "lng": -93.2650 },
"st louis": { "country": "United States", "lat": 38.6270, "lng": -90.1994 },
"kansas city": { "country": "United States", "lat": 39.0997, "lng": -94.5786 },
"cleveland": { "country": "United States", "lat": 41.4993, "lng": -81.6944 },
"cincinnati": { "country": "United States", "lat": 39.1031, "lng": -84.5120 },
"pittsburgh": { "country": "United States", "lat": 40.4406, "lng": -79.9959 },
"indy": { "country": "United States", "lat": 39.7684, "lng": -86.1581 },
"tucson": { "country": "United States", "lat": 32.2226, "lng": -110.9747 },
"reno": { "country": "United States", "lat": 39.5296, "lng": -119.8138 },
"santa fe": { "country": "United States", "lat": 35.6870, "lng": -105.9378 },
"sedona": { "country": "United States", "lat": 34.8697, "lng": -111.7609 },
"yellowstone": { "country": "United States", "lat": 44.4270, "lng": -110.5885 },
"grand canyon": { "country": "United States", "lat": 36.1069, "lng": -112.1129 },
"zion national park": { "country": "United States", "lat": 37.2982, "lng": -113.0263 },
"yosemite": { "country": "United States", "lat": 37.8651, "lng": -119.5383 },
"montpellier": { "country": "France", "lat": 43.6108, "lng": 3.8767 },
"dijon": { "country": "France", "lat": 47.3220, "lng": 5.0415 },
"padua": { "country": "Italy", "lat": 45.4064, "lng": 11.8768 },
"bologna": { "country": "Italy", "lat": 44.4949, "lng": 11.3426 },
"turin": { "country": "Italy", "lat": 45.0703, "lng": 7.6869 },
"corfu": { "country": "Greece", "lat": 39.6243, "lng": 19.9217 },
"crete": { "country": "Greece", "lat": 35.2401, "lng": 24.8093 },
"zakynthos": { "country": "Greece", "lat": 37.7870, "lng": 20.8999 },
"krabi": { "country": "Thailand", "lat": 8.0863, "lng": 98.9063 },
"pai": { "country": "Thailand", "lat": 19.3617, "lng": 98.4398 },
"ayutthaya": { "country": "Thailand", "lat": 14.3692, "lng": 100.5877 },
"boracay": { "country": "Philippines", "lat": 11.9674, "lng": 121.9248 },
"cebu": { "country": "Philippines", "lat": 10.3157, "lng": 123.8854 },
"manila": { "country": "Philippines", "lat": 14.5995, "lng": 120.9842 },
"el nido": { "country": "Philippines", "lat": 11.2028, "lng": 119.4125 },
"coron": { "country": "Philippines", "lat": 12.0000, "lng": 120.2000 },
"vietnam_ha giang": { "country": "Vietnam", "lat": 22.8233, "lng": 104.9836 },
"arashiyama": { "country": "Japan", "lat": 35.0094, "lng": 135.6668 },
"porto seguro": { "country": "Brazil", "lat": -16.4435, "lng": -39.0643 },
"gramado": { "country": "Brazil", "lat": -29.3731, "lng": -50.8764 },
"dakar_city": { "country": "Senegal", "lat": 14.7167, "lng": -17.4677 },
"lopez island": { "country": "United States", "lat": 48.4830, "lng": -122.9070 },
"tromsø": { "country": "Norway", "lat": 69.6492, "lng": 18.9553 },
"thessaloniki": { "country": "Greece", "lat": 40.6401, "lng": 22.9444 }
}
